cluster_id,size,volume_km3,density_proxy,avg_speed_kms,vel_disp_kms,sigma_r_km,avg_Pc,mean_alt_km,dominant_parent,cx,cy,cz,risk_score,risk_level
238,11,320656.7734844459,3.43045926660694e-05,7.4655237733933015,0.26021156020560016,16.589329401877112,2.4588009890533454e-08,777.1819979483652,COSMOS-BREAKUP,-5061.0162417466045,-5057.605062729068,29.863509093424774,0.6692612050640352,HIGH
180,11,191980.0552233543,5.729761868857851e-05,7.585077447769158,0.1562470113943632,30.875840950807284,7.098121848758731e-09,612.9846222572704,DELTA-K-REMNANT,4290.546541499552,4387.553806309075,-3348.5701057197916,0.6097334825509186,MEDIUM
172,11,174313.45118362101,6.310471122743504e-05,7.569076836732464,0.10525394699597418,40.175811955076036,4.192293842839264e-09,601.3434127865082,DELTA-K-REMNANT,3471.6651313311445,-3116.2469239694387,5190.905626023866,0.583342601893985,MEDIUM
250,10,262576.9292143899,3.808407703570621e-05,7.35805797967941,0.17537558646245247,18.588701050336887,1.9583168219301123e-08,791.024122888674,COSMOS-BREAKUP,-5298.413292134121,-4273.645624960322,2248.7209420025415,0.5773602086270624,MEDIUM
199,13,304650.9666097457,4.267178320380269e-05,7.49742275465107,0.16085496236424773,20.181253916569734,1.6614403256663545e-08,784.979600667646,COSMOS-BREAKUP,3765.721439903912,5228.535866932207,3128.948070194681,0.5756724885139334,MEDIUM
202,13,372630.145748707,3.488713983105085e-05,7.424844251808338,0.28415247106301844,29.182799395882206,7.945608106343039e-09,789.9454269801304,COSMOS-BREAKUP,2187.2575321127797,4541.224554914046,5096.172544693078,0.5613559297194497,MEDIUM
113,12,229376.49756881688,5.2315734729534764e-05,7.561334102603911,0.12296220660668772,34.23763342580807,5.772627913482314e-09,598.7464602700915,DELTA-K-REMNANT,6413.004512106742,2711.284280450292,-439.145519113696,0.5276404653448702,MEDIUM
181,12,334955.1401355738,3.582569294247276e-05,7.5903255788819655,0.22836317821920554,35.1571863959747,5.474605350015448e-09,600.7480854247552,DELTA-K-REMNANT,4062.5280811156354,4450.303160660527,-3519.686697143325,0.495336778815883,MEDIUM
232,13,369820.9169469822,3.515214906533718e-05,7.493237184826095,0.18188190455126843,25.651504865692324,1.0283840771587231e-08,782.5288295589464,COSMOS-BREAKUP,2805.2329458092177,-191.0094604605239,-6585.255780530312,0.48468184292080435,MEDIUM
98,10,225025.96416202668,4.443931631284844e-05,7.578053658092007,0.10903838958086791,39.24361374394487,4.393828034459146e-09,600.4020648139983,DELTA-K-REMNANT,-3097.103394710427,-4658.336687621546,4171.348303084675,0.4406911596370503,MEDIUM
241,20,807909.4978152402,2.475524802479024e-05,7.426855953966543,0.2214895795970705,27.425555616691742,8.996429294037572e-09,785.0141534033035,COSMOS-BREAKUP,1437.4484140255804,4048.508067410317,5731.424823304448,0.42969444744099866,MEDIUM
148,16,390827.1013004742,4.093881910123459e-05,7.583418574755817,0.13072808030740812,46.0719632009057,3.187921386593142e-09,595.6464874414173,DELTA-K-REMNANT,2780.3014969701817,4686.907681299659,-4350.54400103391,0.4238814598574728,MEDIUM
144,12,926236.2487026639,1.2955657929397433e-05,7.402030581864797,0.2484987789142264,20.668429207161463,1.5840398287678683e-08,839.1782535568813,FENGYUN-SC01,1878.327768791936,-4778.83918066765,-5071.314811472586,0.4177073964913815,MEDIUM
252,17,673348.1312513007,2.5246969897144364e-05,7.467741166153492,0.2385686341752524,38.70642119690227,4.516635088083175e-09,788.6806406309615,COSMOS-BREAKUP,-367.12531047171177,2702.2572649171248,6627.263662854904,0.4134722595399979,MEDIUM
119,13,383998.13090407767,3.3854331450502256e-05,7.587057810035807,0.18396757574456446,63.199060774161346,1.6941809431473049e-09,612.412030457455,DELTA-K-REMNANT,858.6555630085961,4656.205370709609,-5141.59737436453,0.40649969115692675,MEDIUM
227,17,662708.1186330409,2.565231890483803e-05,7.480998191648847,0.18310770996302306,26.421059146932585,9.693499538284466e-09,781.6088276295732,COSMOS-BREAKUP,2241.7504054422106,-859.6084103852892,-6744.878232046574,0.40577101719279757,MEDIUM
71,12,336160.45214090886,3.5697238992794854e-05,7.650192091326152,0.1442460353995047,64.18967222284864,1.642293312805463e-09,469.3101573247388,TELOS-COLLISION,-394.75246410564256,4317.414820519644,5298.264520615942,0.38269613177179507,MEDIUM
248,14,842279.9103673314,1.6621552796972662e-05,7.466871871214508,0.26592118703507994,37.17719362288839,4.895846963044412e-09,870.5842388740732,FENGYUN-SC01,3739.721979023419,-5991.621648089494,1627.4686981253274,0.37436423272984426,MEDIUM
217,19,1127941.2916665426,1.684484834483481e-05,7.457923505528491,0.21711439546945435,25.507096994364655,1.0400613871556615e-08,781.6443379016346,COSMOS-BREAKUP,462.179334662709,-2588.1976840545335,-6659.112442150374,0.3742516687038846,MEDIUM
177,12,475947.87443086377,2.521284502919473e-05,7.522127993779374,0.09007091392748051,20.582064110400736,1.5973614062323563e-08,755.6541386908281,COSMOS-BREAKUP,-917.5204140082333,-3678.9270818266505,-6042.244753577709,0.3644188140921164,MEDIUM
131,12,887269.1378637077,1.352464487708047e-05,7.458818210027318,0.28666146243043383,46.16224086991874,3.1754645955593e-09,835.220414021523,FENGYUN-SC01,-3643.8457185455513,5309.501561885124,-3248.711172519885,0.35565859985471404,MEDIUM
229,15,536595.1308144598,2.7954036737591268e-05,7.522698567251818,0.11688623477484976,27.973282296723127,8.647571953482613e-09,783.4970512130134,COSMOS-BREAKUP,2406.196107372501,-653.1237015745969,-6713.323527857824,0.35217340990080664,MEDIUM
83,15,461305.08747846907,3.251644173705348e-05,7.613268336028443,0.12474749353976455,50.08185693081756,2.6978648763117537e-09,595.5886745675272,DELTA-K-REMNANT,-4332.793393663206,2510.8106203460015,-4851.607714588613,0.34743332959362627,MEDIUM
146,13,535222.3617344627,2.4288970210197662e-05,7.519570515209984,0.15302855100845825,30.439921835431285,7.302876809947814e-09,795.9566168469933,COSMOS-BREAKUP,5170.54673612421,4950.584325339943,-468.365998071649,0.34675115071595075,MEDIUM
253,15,878221.4452009952,1.707997462595212e-05,7.437539358963736,0.2537037381398031,58.3167870476599,1.9897286956451736e-09,852.3122007950678,FENGYUN-SC01,-233.26236028426953,2454.188901209437,6796.220300493343,0.34266703794496195,MEDIUM
216,13,739362.4507950568,1.758271600893546e-05,7.434292902842791,0.18071213411112683,27.480814960623864,8.960285027458855e-09,776.1660483385513,COSMOS-BREAKUP,272.32403460545453,-2776.3089482290607,-6587.5993649538705,0.33356814456235795,MEDIUM
134,17,1261915.6291001455,1.3471582099448648e-05,7.446390220862577,0.2379061477680759,33.151958960165636,6.156907775402945e-09,865.9540693582935,FENGYUN-SC01,-53.08652058155557,-2045.717749269409,-6948.5928548276015,0.3328735338342381,MEDIUM
245,18,725751.3118104942,2.4801884208925965e-05,7.497279225805373,0.17248754046589565,51.417822986940145,2.559491377938101e-09,782.5456172752642,COSMOS-BREAKUP,796.8075244225836,3606.5496679039206,6133.485650517167,0.33082800316824473,MEDIUM
45,15,4348917.099473304,3.4491344987506534e-06,7.417571656241988,0.36741582543000606,123.86298269538689,4.410603043189155e-10,918.9894311271014,AERO-CASCADE,-574.0465914582801,6996.138163717062,-1978.7186507061479,0.33079208106089925,MEDIUM
151,11,639656.4354713237,1.719673154213601e-05,7.364275307684017,0.22614638052460928,43.859177469330945,3.5177103382773266e-09,842.0938287443925,FENGYUN-SC01,563.3149526194461,-2929.757811485759,-6574.416554677008,0.3296724424104529,MEDIUM
230,12,626543.1340715108,1.9152711676879336e-05,7.453658431705009,0.18761057252650395,33.44952070600841,6.0478532163900025e-09,764.5455918535503,COSMOS-BREAKUP,2578.397649592754,-472.0419688393552,-6643.938001161267,0.3289082692523849,MEDIUM
158,16,778950.696234015,2.0540452787775962e-05,7.41184793369375,0.16296543258264887,29.945071671505676,7.54623502054519e-09,778.2202621170095,COSMOS-BREAKUP,-3013.2212179046733,-4955.374726292075,-4191.923124504474,0.3285294036001022,MEDIUM
162,15,516906.6638631269,2.9018778531305394e-05,7.612153529595192,0.11966276887986027,39.73405305707191,4.286030979558967e-09,599.592748888196,DELTA-K-REMNANT,3302.6443551424754,4619.1122748886255,-4054.4373790097316,0.3277769206923761,MEDIUM
212,20,725130.6504147274,2.7581236551732167e-05,7.489812936357774,0.12755472295749815,39.09773355267516,4.426677420013814e-09,787.4921129955316,COSMOS-BREAKUP,4933.821086233746,2999.1157104448166,-4242.633671869031,0.32507676995793156,MEDIUM
175,15,831757.2949545129,1.80341069335861e-05,7.402802512871116,0.21767139804588492,46.95581414414599,3.0690381753026346e-09,784.8922456307694,COSMOS-BREAKUP,-1487.4172024908087,-4102.031654757117,-5679.782678016707,0.32455280454406943,MEDIUM
208,20,858153.2091426264,2.330586168870921e-05,7.454464228964473,0.17662325071019216,57.68060522329374,2.0338617240026662e-09,784.4813726869118,COSMOS-BREAKUP,-4948.889836352167,-5154.105454958355,-479.191454906629,0.31865103884750545,MEDIUM
124,20,756060.2393359833,2.6452918642521367e-05,7.641458305592861,0.14820380010175982,62.09705479168961,1.7548461030633598e-09,599.0412638656323,DELTA-K-REMNANT,5510.191235836504,-1418.5115847932045,4035.110356298549,0.3141418843469527,MEDIUM
142,13,450108.28936499404,2.888193865156361e-05,7.577728687574632,0.1315687310113489,73.01530298489511,1.2692677840262116e-09,598.4983921788041,DELTA-K-REMNANT,2275.990532288246,4714.115497757688,-4609.171662046932,0.3135312563764986,MEDIUM
207,15,668688.7738829703,2.243196025693293e-05,7.482592015832805,0.16552431575322452,48.03953587903895,2.9321314396012457e-09,762.8224108930739,COSMOS-BREAKUP,2436.923467701033,4653.010634397665,4836.279272260336,0.3084212703875529,MEDIUM
91,10,319036.5891732823,3.134436719597881e-05,7.70141725546203,0.10170122561297155,63.2164374803427,1.6932496904681534e-09,463.3194564985914,TELOS-COLLISION,-4914.713297979042,4085.097567874326,-2439.684524106374,0.30793229412269296,MEDIUM
184,16,582479.9033671028,2.746875884903473e-05,7.565928766995267,0.13120440160515776,62.15123044996414,1.7517881263481239e-09,598.3594688319288,DELTA-K-REMNANT,2582.4953512166594,-3600.766048268448,5386.306634534765,0.30591055658546223,MEDIUM
236,19,1433514.3226687098,1.32541403315933e-05,7.421087838310174,0.2226998839481143,38.12021646700491,4.656614908728983e-09,859.0198772167796,FENGYUN-SC01,882.4895435848644,638.2865201548876,7154.299903746862,0.30440135009692215,MEDIUM
215,14,1259922.7750313827,1.1111792149047613e-05,7.356600852823855,0.26277380112999693,57.932056845795216,2.0162442609058724e-09,853.8909288578209,FENGYUN-SC01,2429.6644861115506,-2239.7987616879204,6431.93360590141,0.30426265567600147,MEDIUM
139,24,1883160.4782801373,1.274453254346058e-05,7.425043878037272,0.23746803376179287,45.49556244373502,3.2692110916538192e-09,786.0888630706391,COSMOS-BREAKUP,-3957.626744422067,-5254.840862733111,-2834.947502438572,0.30319659836844204,MEDIUM
161,17,740789.4691890008,2.2948490370160376e-05,7.622456700311754,0.16267319303454908,63.89228377304507,1.6576170942439808e-09,596.470470243722,DELTA-K-REMNANT,3644.7019719463065,4553.493465408537,-3821.9746314880504,0.2994174578007837,LOW
244,25,1645197.2778995463,1.5195746027441743e-05,7.3641739866984555,0.22032577018676544,54.53164995814245,2.2755362794139584e-09,792.6325716770788,COSMOS-BREAKUP,1153.7678041145655,3863.087770645596,5928.863028617131,0.29814253607647595,LOW
246,17,848406.6175045067,2.003756176490419e-05,7.383437550632273,0.17720560377446085,55.2814049145941,2.214230849903372e-09,780.7556506483411,COSMOS-BREAKUP,-5123.663772700563,-3473.460499617857,3594.1154408440084,0.29477655482760373,LOW
223,11,642971.9674042858,1.7108055339344922e-05,7.420527748659953,0.18944196406109906,44.1262232375755,3.4752617866804607e-09,843.307056103196,FENGYUN-SC01,2929.4893115500613,-3354.95982317644,5683.634279843205,0.29352445817806294,LOW
233,19,1121602.3039390533,1.6940050794539416e-05,7.47626782335453,0.18977126266609673,45.94863625206851,3.2050572265003084e-09,780.0125006992631,COSMOS-BREAKUP,3066.376294955119,88.49236371585282,-6466.6037017801045,0.2903094417329692,LOW
183,16,627674.1082585386,2.5490935167600714e-05,7.52618966854069,0.12344882510361234,51.865133116250284,2.515533160841947e-09,600.2889993841775,DELTA-K-REMNANT,3014.1549135282175,-3381.5773064009254,5307.549397138533,0.2890355748179901,LOW
205,22,2657139.0595894153,8.279581725541857e-06,7.4054838438724735,0.27537896457366084,70.50647288437219,1.3612035141234564e-09,839.9754847429067,FENGYUN-SC01,3501.3626927831774,-6268.821799845993,-719.142390411003,0.2885435510058619,LOW
226,18,1927134.7592670803,9.340291286555218e-06,7.452313429094676,0.24624928476724023,43.1087083350668,3.64125437912596e-09,856.5782105988211,FENGYUN-SC01,-683.325009352891,3145.387014407105,6478.315146107487,0.2876449730742326,LOW
128,16,2502752.4719283646,6.392961421259546e-06,7.345099152093082,0.2702125505361723,45.041404848567936,3.335471122332024e-09,846.3660780546824,FENGYUN-SC01,-467.34436005889216,-1333.9188061806462,-7083.907086614576,0.28471705070937225,LOW
51,10,411362.2173514672,2.430947612151754e-05,7.639645009578518,0.14154706515775503,84.72075722103789,9.427605106810351e-10,470.4512431129525,TELOS-COLLISION,-332.50328752720384,-3749.6724633601016,-5719.542883755532,0.2841830754341906,LOW
198,19,1116508.2978828766,1.7017338819628844e-05,7.4806474845724305,0.1914806480605869,60.5152690955007,1.8477835773446791e-09,761.042082496368,COSMOS-BREAKUP,4787.526986356884,2710.6114301556313,-4548.1185905780985,0.2815126912967082,LOW
49,14,12034135.258919649,1.1633573745669229e-06,7.23734485512102,0.3351832797924056,180.03236360058875,2.0877566418405752e-10,1217.968197360866,MICROSAT-CHAIN,1211.1942252741608,-1868.7185980431727,-7253.513402865312,0.27996532357213194,LOW
137,23,1652335.851294634,1.3919688289749992e-05,7.475186480479869,0.2112257436801614,54.55692343250117,2.273428485085185e-09,793.2200877473259,COSMOS-BREAKUP,-4784.645933776854,-5243.405338665599,-1013.5349792563959,0.2793112929924603,LOW
37,15,6977853.087731117,2.149658327770458e-06,7.316346509422236,0.3210958874997155,124.66027759362247,4.3543653081903e-10,1190.5973973425037,MICROSAT-CHAIN,-3846.7240657668503,1191.8627255019876,-6402.680166209231,0.276153802588961,LOW
70,11,428928.8712533968,2.5645277660737294e-05,7.5966098741962895,0.11153342851321042,56.32960377556684,2.132591371553334e-09,465.20630117525997,TELOS-COLLISION,36.2566911881116,3976.685670960345,5568.254154846191,0.275748193268078,LOW
24,26,46622486.31394677,5.576708162863956e-07,7.331249497464289,0.3343495157376456,235.12032058849445,1.2240543738269174e-10,1192.5855414446078,MICROSAT-CHAIN,5569.048336956581,-3764.587459333603,-3450.776624107172,0.2736655846992346,LOW
102,13,553597.5929469209,2.3482761062594513e-05,7.583458808611413,0.1335856442158724,71.084682478677,1.3391492574270114e-09,604.7650785274062,DELTA-K-REMNANT,-2561.121761475791,-4707.703965898934,4473.770078904875,0.27324387941588923,LOW
190,23,1224555.1291426711,1.8782331193290282e-05,7.502178594688539,0.1655046612628287,57.054500626397555,2.0787450280072343e-09,786.9426217423141,COSMOS-BREAKUP,1426.8292489171558,-1706.587416522643,-6809.877888526851,0.2725378646484572,LOW
213,36,2122162.3375383383,1.6963829469219215e-05,7.446886597615692,0.1869985797680094,71.53778653719199,1.3222392464053805e-09,780.2075117000627,COSMOS-BREAKUP,5053.086777903723,3290.00002932883,-3855.063267084775,0.27252628195510603,LOW
237,18,1310637.3955732468,1.373377568868097e-05,7.486234411087746,0.20762860555259952,59.816403330791175,1.8912130173918445e-09,777.2850028084345,COSMOS-BREAKUP,-5135.9148014622115,-4966.2611297241365,375.53168877998195,0.27128816379955023,LOW
197,15,1525432.7309449953,9.833275303269257e-06,7.444771869235521,0.21455933256330129,39.31374271356726,4.3781663456015064e-09,834.6239754130319,FENGYUN-SC01,3170.004168143402,-3934.991032679565,5146.190823880389,0.2672430010207508,LOW
152,11,823671.7437929353,1.335483471770681e-05,7.476101067928968,0.1746972826958894,35.4993566289249,5.36957701914409e-09,835.1905830996137,FENGYUN-SC01,-983.7154501252295,3601.1851320947335,6171.619251017031,0.2650963345296247,LOW
32,32,33969764.7607908,9.420141771760404e-07,7.4342283708597225,0.32038547986827326,283.4219178657206,8.423918869546697e-11,1219.3566054919988,MICROSAT-CHAIN,3664.3935433397974,-3079.3431841646216,-5876.143646151118,0.2630470864604345,LOW
239,17,863650.3451467635,1.9683891861481424e-05,7.479326996333762,0.14891000285755993,60.313656858254554,1.8601575053595548e-09,764.623660987221,COSMOS-BREAKUP,3.9734646288983773,2981.4539146845436,6489.817973403162,0.2620342770495234,LOW
61,12,544318.8480770002,2.2045902034063793e-05,7.6085715873113715,0.1390457590804932,109.40907793167301,5.652939332833174e-10,474.80818075801017,TELOS-COLLISION,911.7852559533699,-4671.448962256393,-4926.892273388586,0.2607824906034208,LOW
63,19,32674639.66782816,5.814907277679216e-07,7.3241470750645234,0.31879037840877883,141.8529386277567,3.362825766391182e-10,1034.4809263676307,AERO-CASCADE,2031.4637430238765,186.5252681221506,7120.923968154372,0.2607156431863946,LOW
38,25,26363761.928459696,9.482713456387453e-07,7.167414448429041,0.31455427395352087,183.33984138408087,2.0131092202359944e-10,1208.2986434575423,MICROSAT-CHAIN,-4648.8173364613,1769.5301783398081,-5717.162068051838,0.2584729633481974,LOW
92,18,858472.4500195205,2.0967475426370067e-05,7.6143558505403455,0.1386992912378249,73.3549895756288,1.2575397482570687e-09,468.4463525409644,TELOS-COLLISION,-4872.227568578307,4406.150119800017,-1923.2638667901617,0.2575380524054975,LOW
179,23,1253626.9837901513,1.8346765263829106e-05,7.460022708810967,0.15482538259442338,60.812425865799234,1.829769500012937e-09,786.7180597717767,COSMOS-BREAKUP,5289.248485290797,4550.813438902655,-1622.189657146261,0.2568480065266138,LOW
188,20,2442322.422888149,8.188926987104822e-06,7.433844799449732,0.23290809768794618,51.58288149926815,2.5431375059159085e-09,831.0488257063128,FENGYUN-SC01,-3016.96530191576,6005.248331677116,2605.134361616597,0.25682807286607723,LOW
249,25,2491745.3189143697,1.0033128109132866e-05,7.4741266062436384,0.2188296138631537,53.62834333017507,2.352839368734871e-09,865.1313695677895,FENGYUN-SC01,3729.740722567735,-6085.039639848882,1230.1708429759608,0.2564306219091594,LOW
234,31,2052991.4152582139,1.5099917013584293e-05,7.485232200164813,0.1790356779922003,64.26825595287262,1.6382795542202198e-09,777.6993551324524,COSMOS-BREAKUP,396.84277509089685,3305.0061671794697,6332.947797161814,0.25271282157774366,LOW
168,17,2283011.0453046826,7.446306506034113e-06,7.513356724316178,0.2495117382696959,95.50657324274982,7.418472901942161e-10,854.4464090169432,FENGYUN-SC01,1666.4007982723117,-4478.419488523146,-5425.621934589897,0.25216439919241573,LOW
50,15,7689890.111406737,1.9506130494309494e-06,7.289341960407395,0.2940214397993687,104.42842188767986,6.205026069401245e-10,1186.8469244651872,MICROSAT-CHAIN,-443.9703222205448,1477.5066189436088,7403.026383454155,0.25019145807067483,LOW
231,17,1392257.8804195768,1.221038159602789e-05,7.410636656928398,0.19030185834524352,50.20015133494723,2.6851650621792177e-09,772.4642525175217,COSMOS-BREAKUP,-4966.686507705257,-3053.942455970948,4138.416853487688,0.24910724011390875,LOW
218,16,1182561.0157177835,1.3529957259996788e-05,7.489584316841958,0.16273051340984493,38.91367203445069,4.46865279161612e-09,789.0162478773841,COSMOS-BREAKUP,2034.8493164004794,-1090.3676943841506,-6784.734592552943,0.24770977392843055,LOW
247,21,1184077.2776765118,1.77353289315777e-05,7.438654320148119,0.1488632874484883,58.2463533583711,1.9945437152403825e-09,780.7063843585674,COSMOS-BREAKUP,-5203.050621375126,-3747.4056767860466,3181.2508374775302,0.24764206950767748,LOW
187,15,977936.6191558231,1.5338417343394233e-05,7.428393376178358,0.16001077004664702,47.38890166083102,3.0131985814552537e-09,770.2581173610669,COSMOS-BREAKUP,4167.99546336478,1622.2450392901085,-5575.425867646244,0.24759697378294926,LOW
21,43,85572544.33924483,5.024976215447128e-07,7.269498687879873,0.30652905460133006,260.112812473239,1.0001325241078067e-10,1205.3204869833073,MICROSAT-CHAIN,-6570.172754435571,3691.468701254773,-655.9135373784637,0.24644187849416618,LOW
191,18,1277290.0986368158,1.4092335029615002e-05,7.444038244989536,0.1527891466542521,37.512583157370095,4.808693517792812e-09,777.4916149393817,COSMOS-BREAKUP,1708.2841282497693,-1418.0914551956646,-6801.781767980374,0.24542628837368838,LOW
106,22,1181672.6587998653,1.8617677100478674e-05,7.533455790903682,0.14974602327727965,94.62231567092367,7.557773912735759e-10,607.6500901148219,DELTA-K-REMNANT,-789.5777126535876,4297.259953733388,-5447.609633659921,0.2453986192680677,LOW
31,16,10186563.518052535,1.570696532902872e-06,7.244538362157202,0.28825264465730327,88.51990218416951,8.635732671706412e-10,1185.273951405481,MICROSAT-CHAIN,6553.036681238513,-3770.1500961253996,-53.833841828266586,0.24364208727102912,LOW
193,24,1834884.9968397457,1.3079838813514534e-05,7.476183954373504,0.18127286531172684,55.365982040185614,2.2074710947480747e-09,787.3103277274844,COSMOS-BREAKUP,4587.301644494459,2296.4973851146083,-5001.072435523028,0.2434758917038969,LOW
147,18,1263327.8974168652,1.4248082415344993e-05,7.490358518331417,0.15646320651183868,42.71396621396712,3.7088668387909025e-09,782.1240449068498,COSMOS-BREAKUP,5092.348916243059,5031.2084229418,-119.95358565857383,0.24122485759882506,LOW
176,18,1109384.5871891147,1.6225211894828294e-05,7.417072482808085,0.14839340828257444,50.27648066562277,2.6770180611420535e-09,775.8855140850977,COSMOS-BREAKUP,-1193.7217847103598,-3888.0289698953306,-5884.094714468717,0.24077925953600932,LOW
120,13,1103887.2573281159,1.1776564965036028e-05,7.532875169368777,0.19827756491517484,77.90121316736115,1.115045523257434e-09,609.8527875948214,DELTA-K-REMNANT,5069.667846250259,-1885.3374407433353,4419.273309906621,0.24052084618174774,LOW
43,15,3755962.4397544092,3.993650160404906e-06,7.391296149967817,0.2658326860554242,96.25670037092172,7.303299318053624e-10,924.0255141100718,AERO-CASCADE,259.0596344652714,7243.066696466677,874.6837630801568,0.24031826234627615,LOW
150,32,2969940.9293047385,1.077462507225394e-05,7.461138937984647,0.20393065110350275,70.57610099090593,1.3585189999750713e-09,783.7970724341842,COSMOS-BREAKUP,-508.7389120315635,-3390.607166368699,-6286.464359850534,0.2399682262090366,LOW
178,27,2108999.1153433877,1.2802281330309545e-05,7.519767528246866,0.18021793070173414,56.715376536610336,2.1036786582244925e-09,778.7160792774844,COSMOS-BREAKUP,5293.75847509296,4319.4707386118735,-2127.0039655091173,0.23942308470282675,LOW
140,53,4940989.344252008,1.0726596701054697e-05,7.4597124792128255,0.21047920430090147,113.0447683740865,5.295172393394044e-10,773.5910542952083,COSMOS-BREAKUP,-4266.0548885817,-5295.056235148901,-2203.922575886906,0.23910449783983093,LOW
156,31,2567396.6852816097,1.2074487817841717e-05,7.450736483612707,0.19109684697032822,69.99822935294874,1.3810421438466852e-09,781.4679396323866,COSMOS-BREAKUP,-3675.7682948051342,-5190.032839893416,-3285.2649261589677,0.23817922467641153,LOW
79,26,19880548.682858545,1.3078109872499536e-06,7.417854755522265,0.29059785377456226,202.0108151734444,1.658180479524535e-10,922.2518114850408,AERO-CASCADE,1759.9311277474249,-3423.318345335935,6190.555987059232,0.2381240959951714,LOW
243,16,1822214.3961863925,8.780525515266193e-06,7.408175862030516,0.21153241493136604,55.72992747953361,2.1787333674026056e-09,851.3810862814607,FENGYUN-SC01,3693.1145242778553,-6173.304652487714,702.7658842098056,0.23810974691315576,LOW
185,28,4339967.2057395,6.451661653795606e-06,7.409010638632368,0.23529892970044064,65.22557560604959,1.590542213027902e-09,844.9350832186161,FENGYUN-SC01,-3414.1033402606004,6254.143212740489,1173.1551129806353,0.23759669143858667,LOW
182,11,848771.0056858204,1.2959914896140717e-05,7.384807453294371,0.15652450271309615,40.56834783119746,4.111557783476755e-09,835.8865824469375,FENGYUN-SC01,3264.6975372718834,-4214.399587608739,4859.268899456599,0.23435225696940568,LOW
22,12,12897572.954991847,9.304076078403222e-07,7.290407076956469,0.28098355161369964,75.42632840098386,1.1894196394382208e-09,1206.1837859941372,MICROSAT-CHAIN,-6435.925162550469,3886.710089725573,966.9642113012105,0.234268262644076,LOW
54,13,577335.5028254839,2.2517236401326284e-05,7.672054521157174,0.10512720350195309,96.02853382103699,7.338046246109036e-10,470.33879434054757,TELOS-COLLISION,2378.208997570916,-5378.015192729073,-3505.1711310390738,0.2334528120537117,LOW
153,14,2218423.947491769,6.31078654547924e-06,7.446942068575929,0.23473795056745575,72.709130071815,1.27997988112596e-09,860.0417514969588,FENGYUN-SC01,-1219.4552078584109,3908.259876815979,5966.7444717502085,0.23341691435993922,LOW
33,11,6871692.068998538,1.6007702163527112e-06,7.336287545817542,0.2778761526245961,94.49672807689403,7.577876055679106e-10,1142.1390864200284,MICROSAT-CHAIN,-6214.79810242455,3050.7593828179165,-2930.222732295301,0.23309675742109182,LOW
192,34,3549417.6221294366,9.579036230625927e-06,7.434116242802513,0.20267713823780242,61.2158165319785,1.8057338820822308e-09,781.9815479821942,COSMOS-BREAKUP,4385.830184504512,1930.8770214746858,-5318.138322399456,0.23293419718793204,LOW
219,22,2400977.1603671038,9.162935975882524e-06,7.297099808004828,0.2151605789078606,95.54251976206129,7.412891761419296e-10,848.2822839306348,FENGYUN-SC01,133.77784041685834,1907.6048764073444,6965.355452613331,0.23291344783374712,LOW
125,14,1860981.7785589779,7.522910842706198e-06,7.40964662195252,0.21862976953598526,60.2698914968767,1.8628600164071203e-09,851.286313696557,FENGYUN-SC01,-3680.8824291504084,5583.290112943135,-2743.263265230061,0.23236092110142917,LOW
240,30,4605989.49369258,6.513258452083284e-06,7.498158890758009,0.23854927040347465,127.1419193600866,4.1860413483914816e-10,845.3519039515209,FENGYUN-SC01,3717.1235371372177,-5748.108839701675,2292.201157330293,0.23165723023037307,LOW
27,16,14221556.263379065,1.1250526808518474e-06,7.220837978217046,0.2826268753744481,138.6698901841578,3.51897917946958e-10,1186.5220094085528,MICROSAT-CHAIN,5286.2338400688595,-2225.7989893951262,4923.643661996386,0.23056742908865765,LOW
46,69,156043129.27670756,4.421854414214159e-07,7.4382264461610905,0.2904128425271622,502.65869230195665,2.6781484505364923e-11,913.7549612258191,AERO-CASCADE,124.15144550701154,-7213.653988333077,428.2213645483399,0.229956378441401,LOW
228,27,2086886.4666972952,1.2937934301107514e-05,7.447262304045914,0.17455799537860975,71.9981155161583,1.3053854926712689e-09,778.9988892574294,COSMOS-BREAKUP,-5230.381317159702,-4790.011841144556,948.8139361428658,0.22858997579314272,LOW
44,28,21628533.244895685,1.2945861692497328e-06,7.412603789314362,0.2797192727558466,202.5441712149762,1.6494590620373576e-10,917.5482243153658,AERO-CASCADE,-169.53051913899375,7252.123591256734,-635.1327282651495,0.22760917564613692,LOW
114,16,910053.9902699004,1.758137448005121e-05,7.5072360096913275,0.13802365299428931,86.29205346587717,9.087395562900163e-10,600.530407442215,DELTA-K-REMNANT,6553.253539944643,2391.4140151763454,-4.443444672355241,0.22722133361426883,LOW
58,21,7442365.9060191745,2.8216833551566976e-06,7.37958072435327,0.2623128403104602,107.24319596470241,5.883578396207993e-10,919.398075341844,AERO-CASCADE,795.0682186647055,6711.771922468793,2742.981527364145,0.2265100642523297,LOW
167,25,3179721.0654854053,7.862324865965433e-06,7.361740152117875,0.2102837448314279,63.000643007723966,1.704869245243139e-09,844.6228251345618,FENGYUN-SC01,2576.6790538579016,-5589.534298854362,-3777.38598623599,0.2257838220040186,LOW
203,37,3445626.1651564403,1.0738251402360158e-05,7.4456387385910086,0.1913375727090388,82.47610158766396,9.947748360184955e-10,781.2625670282007,COSMOS-BREAKUP,859.5387699384013,-2241.309700595224,-6743.022748258084,0.22467770164911904,LOW
242,30,2580356.3680885932,1.1626301068725089e-05,7.437211368219997,0.18105606497832571,73.78463826746592,1.242937054976883e-09,786.1280642417018,COSMOS-BREAKUP,-5276.82474787694,-4068.63068344012,2626.4097305324267,0.22390207086889258,LOW
194,18,1189355.962945749,1.5134241186648884e-05,7.520861467098213,0.15195283110703106,74.4191187628121,1.2218334048173394e-09,598.0760850083218,DELTA-K-REMNANT,5251.096293298357,3919.77492203528,-2386.7136747966974,0.22369735113704597,LOW
132,49,9111810.265779106,5.377636119578512e-06,7.467176243090848,0.2406748184741259,153.17071297577388,2.8842278941747257e-10,861.1668809969818,FENGYUN-SC01,-3540.767182177932,4956.626134790313,-3898.4898967745894,0.22363158254495197,LOW
130,23,3055846.672150935,7.526555638281049e-06,7.383073781881482,0.20871432516572086,60.93979454578595,1.8221287858886588e-09,836.8204973214437,FENGYUN-SC01,-3231.675134526124,4080.905164023071,-4994.083276735025,0.22257638864316273,LOW
155,24,2703534.9783029035,8.877266317103683e-06,7.391730300377037,0.20069235027907464,69.33707562442683,1.4075051704899836e-09,849.1131999896588,FENGYUN-SC01,-3586.6735621035223,6271.932300846168,107.87998334584945,0.2222348271337219,LOW
196,44,5668640.182887808,7.762002628571288e-06,7.470276970399246,0.21809354987635102,124.57345961815165,4.3604367284250235e-10,780.4897053940691,COSMOS-BREAKUP,4085.1579442063853,5273.868492853642,2584.105770202681,0.22213305914185102,LOW
173,26,3836888.581854952,6.7763239524224715e-06,7.519006980196748,0.2230757188508575,101.21384428494395,6.605431597792165e-10,860.4691075565058,FENGYUN-SC01,1269.353281434121,-3998.021150867222,-5895.113303314479,0.22091332223045143,LOW
99,13,5431805.985535052,2.393310813129025e-06,7.319626874759222,0.2594907698133846,105.05639147182045,6.131067278087924e-10,1184.4953007199604,MICROSAT-CHAIN,-632.0086863228764,-833.8666101427108,-7486.375909137373,0.22061818175321016,LOW
135,15,767945.5436579267,1.9532634994600076e-05,7.518301396411584,0.10861734674361147,68.31247751126551,1.4500432896885798e-09,593.2791536559637,DELTA-K-REMNANT,-4389.3669554028065,-4333.553438772077,3245.6695886290704,0.21896738190116094,LOW
101,22,1247031.3507689694,1.7641898085748942e-05,7.565139039270464,0.13104489113716475,102.3797048822359,6.455847959962134e-10,589.1820609673664,DELTA-K-REMNANT,-1837.0712039682148,-4704.866873832011,4794.86874252753,0.21888601655242082,LOW
186,28,5738596.758138349,4.879241595132299e-06,7.465503489122389,0.23661879884426282,104.74436885315306,6.167649312040547e-10,856.4427190918121,FENGYUN-SC01,3647.867884974566,-5347.1579776374665,3224.284129434894,0.21847509474502422,LOW
251,51,5073032.406219887,1.005315872563134e-05,7.4714248722921095,0.19479933588494386,124.57068094220203,4.3606312585617774e-10,788.2498078145115,COSMOS-BREAKUP,-5289.585342303336,-4518.419633483125,1705.1436933073755,0.218013125467115,LOW
112,22,1444714.5408522852,1.5227921764407153e-05,7.609499668048377,0.14781770979271755,113.12492254620236,5.287671309003772e-10,608.6870424807098,DELTA-K-REMNANT,136.81412960068604,4534.79298327702,-5308.954099611019,0.2148460074670397,LOW
118,23,1962477.053748849,1.1719882255980487e-05,7.585083161938077,0.17490515506853743,100.96114068038328,6.638539491975174e-10,602.0423759197972,DELTA-K-REMNANT,1487.0482598449694,4701.218715446583,-4935.883795082867,0.21404972898199118,LOW
28,22,37462539.33303779,5.872533040118412e-07,7.3097179503494605,0.2713569347708368,286.2321421025155,8.25931897750375e-11,1188.1090429046917,MICROSAT-CHAIN,6016.63399472432,-2910.818780870254,3483.2900813413576,0.21333718596796877,LOW
159,25,1670035.2038409207,1.4969744315869749e-05,7.517522648061843,0.1416164622495853,76.80616375966325,1.147067282495275e-09,776.4627754628814,COSMOS-BREAKUP,-3314.9582843415988,-5073.987557918602,-3798.1814198173083,0.21190095375772208,LOW
110,21,1373907.1613265567,1.5284875565917967e-05,7.582753029588035,0.143371826237407,107.7971348266686,5.823265683409447e-10,594.275134069864,DELTA-K-REMNANT,6694.182503140941,1749.7838599813847,827.8888895524651,0.21148159642692488,LOW
138,19,3312077.192259065,5.73658127425487e-06,7.453003979054188,0.21628516542849252,72.46666107657619,1.288559678958318e-09,853.462093790947,FENGYUN-SC01,-1506.9934021043368,4292.510874494971,5619.361808147401,0.21129042247462407,LOW
149,32,6783356.158908118,4.717428843534419e-06,7.432642991943631,0.23041701829111438,112.41081031941735,5.35506668835548e-10,857.6844057782531,FENGYUN-SC01,-3738.8430468463484,5888.921202706781,-1909.6646084361614,0.2106009876491354,LOW
204,23,1667695.9679913672,1.3791482645186235e-05,7.512548050701301,0.1513423524733169,88.60376993300208,8.619392132563226e-10,597.8081645365003,DELTA-K-REMNANT,-4909.792988157511,-4112.837521645996,2758.1719832420126,0.20954474339259369,LOW
169,36,5594819.530812614,6.4345239022877325e-06,7.42860328590232,0.21481382052998663,133.11844348400462,3.8186036095494053e-10,774.2427665836408,COSMOS-BREAKUP,5237.2151298896115,3937.0285672431874,-2858.733356603754,0.2080364765948179,LOW
200,31,2933705.2495594653,1.0566842052266519e-05,7.455907535540777,0.17552162673392205,84.36909580033262,9.506359876627644e-10,777.9804178506422,COSMOS-BREAKUP,3546.035245948424,5147.059482172637,3481.0727289448155,0.20783569698538054,LOW
117,20,1243606.3102173929,1.6082259985078262e-05,7.533924169311119,0.13202215342105034,100.53861955996595,6.694454663811914e-10,604.6642840217702,DELTA-K-REMNANT,1505.5768548393157,-4070.277946474762,5467.824650874436,0.20765565871517774,LOW
224,14,1970233.7471928885,7.105755862697332e-06,7.3769955000771015,0.18465588159662483,46.08918320833589,3.185539666158254e-09,859.9344638132645,FENGYUN-SC01,3063.6360024176893,-3670.5742141712058,5433.39117876625,0.2073289100843911,LOW
53,18,841383.3527631845,2.1393339838358172e-05,7.662413431886354,0.08440589518860345,82.63624745386511,9.909229014192548e-10,464.1922354861684,TELOS-COLLISION,3968.2115853648015,-5474.310444307372,-1036.600938669017,0.20682335112743236,LOW
36,27,30606616.859917473,8.821621848496195e-07,7.369904332300625,0.26160175171450695,231.01474794386385,1.267948541287816e-10,1192.6619631495648,MICROSAT-CHAIN,-5631.660974714935,2548.3603663964163,-4343.977592676144,0.20670505662949923,LOW
41,27,34640670.54366824,7.794306396570365e-07,7.298756469755642,0.261415786894095,230.37262235161498,1.2750267860795105e-10,1189.839473464755,MICROSAT-CHAIN,-4466.705035626826,3409.217634761186,5041.9861653043645,0.20571890449147476,LOW
222,25,3531672.2122303224,7.078799644379226e-06,7.410072010385707,0.20191331925343295,85.74079315723246,9.204623882304012e-10,855.1941674293382,FENGYUN-SC01,2151.330864810478,-1669.6936460897587,6698.081933403293,0.20518785256181934,LOW
210,28,4522247.406316953,6.191611710780768e-06,7.377127749833453,0.21136433759200932,120.04244753995793,4.695819092011037e-10,844.7219165410861,FENGYUN-SC01,2695.711423926202,-2838.745703765512,6064.587865466875,0.20352664927166403,LOW
72,17,903251.0032745344,1.882090353442211e-05,7.61786812322863,0.09872464026352144,70.79682202992734,1.3500613801461681e-09,473.90735633944587,TELOS-COLLISION,-1171.7854509605438,4820.620608486499,4722.885218402724,0.2030536223961555,LOW
29,20,22056792.59960495,9.067501500811234e-07,7.226059555639054,0.2561720313830354,196.70154405432027,1.748902113051174e-10,1210.1567079458814,MICROSAT-CHAIN,6321.519150068082,-3908.780002766,-1476.1962319727095,0.20209888010205884,LOW
30,24,28130272.698702816,8.531733857349603e-07,7.38678135095449,0.25733213427687796,283.7252033600629,8.405919150979521e-11,1201.8123721562101,MICROSAT-CHAIN,6532.005351928973,-3581.706844980205,1269.8975584626214,0.20204463686866903,LOW
64,33,21881817.30470635,1.5081014314520554e-06,7.403966586265604,0.24967708828200852,195.08104577007597,1.778078335443671e-10,909.8978161286756,AERO-CASCADE,1852.0078864001216,2765.895388574912,6471.071368777026,0.20067689330857308,LOW
225,21,3386599.870310491,6.2009097041850045e-06,7.488015899069188,0.19905991407513135,68.00981316862648,1.4629782749582862e-09,861.1335355238838,FENGYUN-SC01,1257.0867586793233,-36.35368236456034,7126.960523357241,0.19991685853253194,LOW
127,55,11001376.033901425,4.999374608277553e-06,7.476617460631745,0.2177011075884787,132.24673139556532,3.869110622137004e-10,853.4270545115007,FENGYUN-SC01,-850.4968389684807,-670.0249713713145,-7143.68155549957,0.19946608162927026,LOW
157,26,2815275.8277087505,9.235329534712215e-06,7.462615482600157,0.1769316575067302,83.21116914509052,9.7727725785701e-10,777.7183780665835,COSMOS-BREAKUP,1823.8262014887982,4319.4195911205725,5403.417116805558,0.1988495512703854,LOW
209,21,3122081.2400621674,6.726282369123055e-06,7.433610099354372,0.1902592401193522,61.019494127115706,1.817372008953001e-09,855.9666457415032,FENGYUN-SC01,3607.1502686856334,-6268.324755893772,-92.74612458205694,0.1985477484597645,LOW
189,27,5303161.589584793,5.0913025265960155e-06,7.430229278924145,0.21304844610947674,100.50038430811829,6.699549427427923e-10,856.4328724970527,FENGYUN-SC01,-3242.8889620999757,6178.027204595732,1897.7097571928316,0.19804834654256448,LOW
143,46,12188750.801850945,3.7739716520428483e-06,7.432162172337785,0.22541853977138496,123.30022404017313,4.450956082053888e-10,853.5758096445554,FENGYUN-SC01,2221.1128738567627,-5223.823296818464,-4474.156732909401,0.19760911666897452,LOW
174,32,5588012.682870062,5.7265439103413886e-06,7.468245942143646,0.20451059699148189,86.14038500096439,9.119424319329502e-10,850.8076374491762,FENGYUN-SC01,900.466367107253,-3447.270496854003,-6286.9000349201615,0.19688657813340868,LOW
141,25,1671776.8968948268,1.4954148514933554e-05,7.469111495753279,0.12152091672363251,68.81181303323282,1.4290750572423202e-09,789.5637719326459,COSMOS-BREAKUP,-4591.222707229457,-5289.643009363689,-1516.0305922822874,0.19485493527955,LOW
163,15,1468097.4448805065,1.0217305433169596e-05,7.405986335302079,0.15145949166475964,53.20186982192928,2.3907119267615693e-09,859.7519048101941,FENGYUN-SC01,-3670.4703822956876,6217.834521625567,-488.3672463949605,0.19377320758404706,LOW
221,40,10352288.442044754,3.863879974358531e-06,7.347730472086599,0.2195921702929154,142.35388496824257,3.339199699585726e-10,854.9017357576582,FENGYUN-SC01,1773.7222431852454,-957.1040711458166,6940.846534457005,0.19184529263320746,LOW
57,15,1017891.486433033,1.4736344885410187e-05,7.643997747398175,0.1272246494862041,112.886338770634,5.310045774079428e-10,468.37487651944474,TELOS-COLLISION,207.24205543883397,-4176.17709808452,-5417.448632126779,0.1912759682208868,LOW
121,35,4508776.035940742,7.762638845000283e-06,7.482266326861905,0.18348655552910867,97.63221865630663,7.09895990560116e-10,856.5684139362262,FENGYUN-SC01,-2433.4594245481717,2281.275168630791,-6417.059681820682,0.19127222455682968,LOW
211,27,3456507.89583416,7.811352039016269e-06,7.498653681095619,0.1848079360794047,118.29712935645153,4.835402475909666e-10,778.9778103652859,COSMOS-BREAKUP,3424.574669019885,543.5948116087446,-6256.787086157745,0.19108004806622608,LOW
96,14,3917367.4171849284,3.5738286734565695e-06,7.355674103381093,0.19851314955683533,47.957918417542004,2.9421200617513904e-09,934.3917946049153,AERO-CASCADE,-1708.0884002690022,-3934.0017642520056,-5921.423846845564,0.19061168399162604,LOW
69,23,20170690.020531416,1.1402683783543685e-06,7.425411517058519,0.2427955820644781,253.356685056913,1.0541837185597515e-10,909.5047444857679,AERO-CASCADE,1125.673793814969,6027.655540343116,3916.0304034858245,0.19059237043848748,LOW
34,28,38816185.4902928,7.213485726721466e-07,7.325199172165436,0.24615764130435,335.3727911074542,6.016243285794452e-11,925.2028691142021,AERO-CASCADE,-1290.6719674603253,-5579.534597630174,-4487.896114681848,0.19011957098453147,LOW
126,98,50531149.512621254,1.939397796116282e-06,7.4361715209401735,0.23438224665371052,332.8088573274131,6.10929770135184e-11,859.7898442232482,FENGYUN-SC01,-1679.334842523486,798.5893315218544,-6965.487119747105,0.18851870079862534,LOW
235,21,2442838.312536343,8.596557493072958e-06,7.494547572481281,0.1650097406158366,69.0304069142692,1.4200386783596104e-09,860.3361941199906,FENGYUN-SC01,630.7571711817142,1058.3533735901422,7131.216104777678,0.18598963452139916,LOW
103,28,2094443.8966682637,1.336870376167201e-05,7.651249008364592,0.13386606055864947,164.69197620941262,2.494802432340046e-10,472.9344013629851,TELOS-COLLISION,4302.497370563416,-1402.7958893966768,5133.202742463517,0.18449873820887894,LOW
93,23,10671989.202874865,2.155174594236299e-06,7.469815394511906,0.22481546557635784,118.86921413324838,4.788971555299755e-10,930.7863470859295,AERO-CASCADE,-1896.9608852289014,2625.0957612461725,-6546.668681775634,0.18447959966740737,LOW
56,28,2207895.9053636612,1.268175729298621e-05,7.670865904997256,0.13899454276930265,152.91070118939507,2.8940450075677776e-10,470.00456668799285,TELOS-COLLISION,2958.294191511144,-5516.250229098457,-2757.726346152343,0.184284312023679,LOW
160,42,4341284.768125862,9.67455540082699e-06,7.458453739102946,0.16014698574552846,96.5951985843094,7.252203151219275e-10,785.1375856300444,COSMOS-BREAKUP,5233.492297924034,4786.020965227059,-986.6227018028258,0.18422824049205272,LOW
206,52,6820836.906794311,7.623697899623172e-06,7.5007523382061025,0.18023135078122074,145.39041757439014,3.2011754142967646e-10,783.5830794928289,COSMOS-BREAKUP,2965.8227660163784,4925.083167469562,4260.780109090804,0.18388676048936958,LOW
145,55,22657469.3211391,2.4274555653347293e-06,7.45447505702518,0.22269585930912542,191.11194277731946,1.8527012124504485e-10,839.5594755830626,FENGYUN-SC01,-1963.9108137798721,4884.221009198196,4923.401479807721,0.1822211046120783,LOW
129,48,17613401.24187525,2.7251976685730447e-06,7.463335268097822,0.2194936906504028,223.36094162324972,1.356333776152326e-10,853.5935297199727,FENGYUN-SC01,-2900.850023831276,3318.568178227484,-5715.510403101066,0.18111443313941875,LOW
26,19,39735542.82864649,4.7816132981836e-07,7.204946963588828,0.23780205086917808,291.65301360022477,7.955145072266141e-11,1211.7735891252644,MICROSAT-CHAIN,4081.088039358677,-1334.4468131476758,6215.585991083658,0.1803599177682939,LOW
122,30,2609988.3513725246,1.1494304173512416e-05,7.601701737816147,0.1448556656168654,168.87463288441492,2.372751216269148e-10,600.7035430503041,DELTA-K-REMNANT,6240.696101775074,-336.356986316409,3090.803894998369,0.18005530959782165,LOW
95,27,2503780.4753563525,1.0783693005736536e-05,7.561713239011813,0.14884686905465927,122.55794926929549,4.505033965873252e-10,603.2025967815295,DELTA-K-REMNANT,-1790.1496431357828,3951.263981264845,-5462.62856862772,0.17997593435572126,LOW
123,26,1584906.0208883947,1.6404758173248722e-05,7.560290748796765,0.0948350461965216,73.96946064036327,1.2367335332011552e-09,594.8130408363567,DELTA-K-REMNANT,5817.634653087091,-1004.5950606263771,3707.5704029279277,0.17926566092020263,LOW
2,21,1104280724.0503225,1.9016903530630695e-08,7.462922756450409,0.24058608509552723,479.4858363157,2.9432657362383675e-11,808.2999515386972,HISTORICAL-SHELL,-5026.75960544417,-3445.447396220131,-3628.7619121612142,0.17897604127070996,LOW
65,12,3719436.342999094,3.2262953021328055e-06,7.362587508146725,0.20985374523537995,148.18370747462282,3.0816274056623103e-10,912.0376587837524,AERO-CASCADE,1956.8315518403995,1563.160806957317,6842.379338204719,0.17727058336237986,LOW
220,51,7064256.413738833,7.219443493134433e-06,7.465894744168249,0.17590598708358668,133.51203641116555,3.796122340742153e-10,780.8889910799238,COSMOS-BREAKUP,-4739.425851961692,-2590.5449165268437,4689.583146447783,0.17703114003890416,LOW
35,14,12579713.822380232,1.112902900469244e-06,7.244042696740763,0.22416076742165378,115.38593429977013,5.082475556085453e-10,1207.316766061859,MICROSAT-CHAIN,-2967.2997809166704,569.4228287334374,-6953.185198209371,0.1758330604740238,LOW
154,63,22856268.325762123,2.756355460221406e-06,7.494799093659779,0.2125857687378074,230.6438663367379,1.272029611334744e-10,849.4434029059715,FENGYUN-SC01,-2615.2185515045976,5648.133118068207,3646.839158474106,0.17468679665602085,LOW
201,46,5567656.347076991,8.26200417778118e-06,7.4464014461020085,0.1605594100276386,109.82560065869822,5.610142157555129e-10,774.4457927738637,COSMOS-BREAKUP,3852.1374556696055,1133.2282296109056,-5914.575606294547,0.17209303605966852,LOW
48,35,36438631.84671739,9.605190487730404e-07,7.394296929247479,0.22493471789607739,255.58106669524986,1.0359139554563797e-10,918.1654406147334,AERO-CASCADE,891.4841736312751,-6540.799743498146,3056.1237945573275,0.17207303539885385,LOW
73,21,1640177.6627678645,1.2803491034356408e-05,7.646600868737767,0.11433362158318086,66.91781756675692,1.5111149538301578e-09,469.4921375819249,TELOS-COLLISION,-1638.3996188793394,5066.005973453597,4303.132967613842,0.17160690631585573,LOW
59,10,1765099.2939871359,5.66540365976311e-06,7.340637895698722,0.16651105377910116,54.198125040592664,2.303628884467303e-09,908.7836066153359,AERO-CASCADE,569.9804542608653,6963.42468169861,2065.3719308532004,0.1713875564687528,LOW
195,31,2909568.070124485,1.0654502404775727e-05,7.564153413099903,0.14025114714454462,120.78514238912666,4.6382484626136666e-10,603.9923243780328,DELTA-K-REMNANT,4772.294111730712,4185.715310377395,-2897.8841486245005,0.1708406205864497,LOW
20,32,69786726.71213372,4.5853991880143885e-07,7.40634131470447,0.22641253024638835,309.00568593271186,7.086766097140716e-11,929.9763541358014,AERO-CASCADE,-725.2767818317091,-6803.9745482673825,-2481.0580637584817,0.1692421430440686,LOW
136,25,3130305.644361904,7.98644057171488e-06,7.551041421849138,0.15898465753735558,111.53238938339216,5.439751090966037e-10,593.4978940391452,DELTA-K-REMNANT,-3749.6830586825363,-4522.12478098585,3746.3725784529197,0.16826482949019114,LOW
100,10,593576.7794784189,1.6847020209899533e-05,7.629959391413976,0.08380077417612085,108.20636606354192,5.779302356817209e-10,464.4024227204944,TELOS-COLLISION,3394.635044056079,241.83996309291751,5933.102401489911,0.16685781826952636,LOW
60,22,1880522.2033076119,1.1698878088918414e-05,7.642220501649903,0.12815349491997388,152.93667192828897,2.893062194163356e-10,466.4665388724441,TELOS-COLLISION,1747.207981275981,-5116.527776732454,-4185.070287510288,0.16612774321813367,LOW
42,70,172459125.46221736,4.058932794213648e-07,7.421965844618475,0.22162299541333078,583.3133100597003,1.9887366070702878e-11,936.0350743493923,AERO-CASCADE,-1217.1748876230376,5745.94503388449,-4240.054339971456,0.16382997707506738,LOW
55,24,1813298.8816053334,1.3235545581295752e-05,7.5861746166211645,0.1106077079003439,113.84727297449629,5.22078460747551e-10,474.98901127293584,TELOS-COLLISION,3583.7794474892676,-5560.376934628818,-1773.889517100618,0.16342001006788792,LOW
75,21,1393693.8913536083,1.506787116617409e-05,7.613039545670238,0.09138002209152928,82.77687094356281,9.875589503141503e-10,467.03856440052033,TELOS-COLLISION,-3934.9523112304983,662.4522137336969,-5558.431799843465,0.16334028749717672,LOW
133,70,13503505.267427811,5.183839204243434e-06,7.4413130844289235,0.17915548129269693,172.20479029642374,2.2818683468276696e-10,778.9738351038231,COSMOS-BREAKUP,-2347.657611193561,-4618.2527536698,-4924.964558486174,0.16277571483070846,LOW
166,41,15876843.047845934,2.5823773577935957e-06,7.369005500844005,0.2009775339146755,200.8126230463168,1.678027301488323e-10,850.5945740531888,FENGYUN-SC01,2926.7528972235527,-5937.608603586545,-2877.9224379609095,0.16253770965330563,LOW
23,30,56383936.63389577,5.320664322321403e-07,7.310116201992501,0.2170074838407533,256.46567578539987,1.028780069036438e-10,1212.163133094445,MICROSAT-CHAIN,-5971.6060173446085,3863.0324857188725,2595.0623521388434,0.1610913443742366,LOW
90,53,82164686.12228441,6.450459741441832e-07,7.404363704532738,0.2164842930057035,383.9447258625969,4.590327039990391e-11,906.1059173296735,AERO-CASCADE,-1920.3456904951306,-2095.2120184019395,-6656.893021235954,0.16102271707081794,LOW
115,29,2682728.5871880758,1.080988965432265e-05,7.59146435147653,0.12694611602750852,112.99662182766184,5.29968577748878e-10,598.299582644107,DELTA-K-REMNANT,6706.206467196458,1156.1950798806633,1521.146352465882,0.15988675013951392,LOW
39,27,46059526.223030925,5.861979532585665e-07,7.2829264736653485,0.21497145168827744,315.5097731920434,6.797596907190454e-11,1215.1058394358831,MICROSAT-CHAIN,-2043.293968687528,2313.7054926398664,6914.106280285179,0.1592892806951006,LOW
47,42,48312718.39991838,8.693363029655346e-07,7.349865594631602,0.21255185142729885,308.6461250682272,7.103287334702358e-11,923.8466277530814,AERO-CASCADE,1465.9021244030846,-4962.70592984256,5116.698912941936,0.15924400090170604,LOW
108,14,6723211.152540268,2.082338287815087e-06,7.509685784621707,0.19428179387249023,86.79403834343141,8.982583215544863e-10,921.3154531928285,AERO-CASCADE,-2021.3958069988164,508.73992078956616,-6992.797447163325,0.15811578107727034,LOW
109,20,1468829.6730124205,1.3616282655144099e-05,7.539803355254188,0.09806703456390145,94.41693026439874,7.590690568191678e-10,591.5128960839096,DELTA-K-REMNANT,6059.482631662137,3217.061644080683,-1212.9881347711853,0.15637297132741126,LOW
171,33,10414609.494770503,3.1686257671562547e-06,7.378975011153408,0.1884704167560235,152.76986725845293,2.899383332589412e-10,850.9466105399204,FENGYUN-SC01,3460.4916466736436,-4737.284914554592,4211.886760934657,0.156216742684804,LOW
111,31,3183344.6990565713,9.738185126225031e-06,7.525890705755087,0.13296965490733545,135.9632607641259,3.660478811980786e-10,607.1667885112159,DELTA-K-REMNANT,572.3840930212908,-4362.404835123304,5419.167808538808,0.15582066736702221,LOW
165,38,13508789.094935935,2.8129834386299755e-06,7.47849056303136,0.18798633087208058,156.0799883722549,2.777708018208988e-10,854.6598151545732,FENGYUN-SC01,3296.2617382040794,-6213.997979957472,-1651.548877247349,0.1528365952574951,LOW
116,28,2520244.2729599294,1.1110034174233073e-05,7.560464829146894,0.11764104690036857,135.14888965778974,3.70472585694918e-10,604.44417740558,DELTA-K-REMNANT,6567.21822037194,428.2331361372785,2311.3988140264855,0.1520690997966552,LOW
25,15,25323321.737834923,5.92339352447151e-07,7.325314894327535,0.20315962194148565,122.15615035673801,4.534718835351927e-10,1110.4713359183418,MICROSAT-CHAIN,4643.789307167789,-3490.677654685487,-4715.67198084074,0.15117917183035848,LOW
164,28,7367376.035457972,3.800539006729206e-06,7.448844903099402,0.1747141073179121,102.61468877591832,6.426314501386785e-10,855.5136540876516,FENGYUN-SC01,-3718.9367582158347,6083.520717934281,-1198.3136613625247,0.15093905405342933,LOW
85,30,3059812.7745925235,9.804521456053831e-06,7.531891454892675,0.1258208295862502,130.73568493098168,3.9590660522255264e-10,599.4471893474149,DELTA-K-REMNANT,-6709.578792284986,-1180.824273418908,-1486.0995742565938,0.149752975078461,LOW
170,79,19760448.822949946,3.997884901695591e-06,7.516635208296822,0.17531401653565418,255.36373931841797,1.0376779354379109e-10,785.143155398872,COSMOS-BREAKUP,4711.449015803486,5244.0991337765145,1160.949001141439,0.14869194168952893,LOW
16,13,326167551.661826,3.9856815718684786e-08,7.15965980421674,0.20465924130594795,171.01351157231406,2.3137700270990418e-10,1404.451068021339,UNKNOWN,7280.643690869377,-2681.5506752643237,457.70918819799914,0.1464280536121698,LOW
107,57,9085999.827410826,6.27338774848325e-06,7.543452800046126,0.15390719282616597,237.9962613584968,1.1946502293838461e-10,599.5209336752114,DELTA-K-REMNANT,-3092.4081859247485,3324.576273873537,-5269.985371249619,0.14638041726909728,LOW
87,47,6115640.334450927,7.685213228652e-06,7.604997174307834,0.14048074845766703,255.80650738632164,1.0340888709190988e-10,463.21279175248213,TELOS-COLLISION,-4846.977213260821,3126.801100456544,-3641.7886838930945,0.1445979976597822,LOW
74,27,3654591.329600535,7.387966961261093e-06,7.614340086995675,0.13807581637982005,165.9026035628938,2.458525047946149e-10,470.2008502989171,TELOS-COLLISION,-4372.214043477824,1568.1478184710634,-5022.121170770425,0.1411017616238673,LOW
1,10,467029368.38161236,2.1411929692243556e-08,7.244103701875152,0.19990465362673848,295.4880973601739,7.749988485719718e-11,1236.7099770471477,HISTORICAL-SHELL,-4746.177899797438,-1758.1611566186577,-5623.314726895802,0.1404830813537237,LOW
68,27,12982135.73761369,2.079781058040532e-06,7.313197193445269,0.1795792002321551,191.34013636445556,1.8482847586770577e-10,917.533741417743,AERO-CASCADE,1462.5006072851434,4973.618092909847,5120.514300264419,0.13823060754514588,LOW
8,42,3446765791.340208,1.2185336208663343e-08,7.244499546738067,0.1963330164400879,501.90765215198974,2.6861694556100915e-11,1271.4582982797185,HISTORICAL-SHELL,-2428.919096854965,-6997.187129297517,1362.3546152180459,0.13658243026871353,LOW
76,27,2645328.0738440976,1.020667351885944e-05,7.623974802126359,0.1077398333749045,125.89197522517809,4.269577934254323e-10,463.7284136996924,TELOS-COLLISION,-1234.891597387686,-2909.4048284179944,-6062.365977612727,0.13590181849413682,LOW
62,27,3263763.0088810837,8.272659481258234e-06,7.641900065487226,0.12567090736224898,196.82375917903784,1.746730871829843e-10,468.55773857278115,TELOS-COLLISION,2533.266164747376,1462.774950733338,6175.6713003010145,0.1356705314282075,LOW
104,18,2070061.6949352894,8.695393013667008e-06,7.611927716237413,0.11888725946169257,119.3353528281916,4.751631990301009e-10,471.1208905384227,TELOS-COLLISION,3853.580124323591,-512.0960954600904,5633.149730412868,0.1349783267462911,LOW
40,12,6257196.299735579,1.9177918392151297e-06,7.293534704016458,0.17085225254641948,84.18307330608832,9.548419415493256e-10,1195.1455649552056,MICROSAT-CHAIN,-3532.9919333304,3016.3814956365895,5978.394745165054,0.1348669499127596,LOW
0,11,247211532.54418197,4.449630600479395e-08,7.249110870117522,0.1875976572603789,225.1862759832451,1.3344343197209353e-10,1179.639630855327,HISTORICAL-SHELL,3766.343705963873,3656.6640542933887,5409.466801001935,0.12935221155088844,LOW
10,11,214726622.00568974,5.122792831765652e-08,7.3834717922186375,0.18667812826057698,211.78627693715887,1.508639272292337e-10,928.0850208562516,HISTORICAL-SHELL,-15.56167316168262,-1335.582001811654,7165.711417040027,0.12866797006474928,LOW
89,24,7695374.566397414,3.118756571616187e-06,7.605798396247582,0.148705570791308,74.45760339120767,1.2205706821292386e-09,542.1404863917759,DELTA-K-REMNANT,-4697.181075020478,2219.911819035317,-4569.036992117594,0.1253673982658099,LOW
88,53,9227931.760976166,5.743432154985232e-06,7.548664925914124,0.13543535468369125,251.37765629837438,1.0708476672058698e-10,604.2347878198159,DELTA-K-REMNANT,-5539.478491507459,1359.7382733994314,-3997.0822916804623,0.12441580547395666,LOW
97,31,5923544.211223342,5.233353359845662e-06,7.520875598835694,0.13666556459540408,218.04544161436118,1.4232690871585858e-10,597.90633767119,DELTA-K-REMNANT,-764.77034651753,-4628.2805186623045,5145.093154857543,0.12183697509324673,LOW
86,55,11436506.421602197,4.80916094237586e-06,7.541508144238075,0.1396161950895071,298.70168987217403,7.584128475474301e-11,596.9933096681249,DELTA-K-REMNANT,-6410.507320992175,-69.45147612138977,-2683.376087958962,0.1207562089147176,LOW
84,66,12654234.836459354,5.215645264448621e-06,7.553774909157656,0.13322852986542366,251.01815747319037,1.0739171196385077e-10,601.5774176505846,DELTA-K-REMNANT,-6608.699472971916,-2170.5436882976164,-277.6138132286816,0.11812560445720477,LOW
13,10,167781093.8978625,5.960147098628136e-08,7.368052911913748,0.17279397127537016,188.49625515677297,1.904476365627315e-10,994.0768188968055,HISTORICAL-SHELL,2763.2974041631155,-5652.221177455222,3817.6240324459295,0.11577919497835161,LOW
214,319,422962179.43948174,7.54204549500727e-07,7.451910062147051,0.16763578851784153,901.6831220599786,8.32287092615553e-12,780.8878208890935,COSMOS-BREAKUP,-2770.0423086061714,140.4869320752852,6338.0985675904985,0.11486883517494967,LOW
9,10,225318232.01459298,4.438167258188116e-08,7.252503977066647,0.17080579114297204,170.87822850189428,2.3174350676568003e-10,1273.052588985242,HISTORICAL-SHELL,-2232.9357946290866,-6276.667338688477,3720.7854540930216,0.11409333758132105,LOW
67,26,4213731.650340834,6.170302752406398e-06,7.642357303460416,0.12017658080643902,184.14954756070077,1.9954448450109624e-10,467.83601917429775,TELOS-COLLISION,-2535.6825456747433,5417.024796001452,3305.410858085109,0.11395904458881649,LOW
52,21,2881016.4297730406,7.289094148503113e-06,7.639100124808083,0.10543459776584935,114.7182068039992,5.14181374592213e-10,481.2605788601394,TELOS-COLLISION,4299.3734673731005,-5329.652185761575,-294.66593921959367,0.11128728620565158,LOW
5,13,398560205.1524378,3.261740593250617e-08,7.202019086303172,0.16920331596400912,310.02791106610533,7.040110120412782e-11,1349.5797327135467,UNKNOWN,1220.8678564458335,-7364.724692296804,-1775.5509174316442,0.11115487968163681,LOW
77,44,7302438.797113644,6.025384289066744e-06,7.634680419792892,0.11577164288746362,275.768135388652,8.898009708334171e-11,465.12643789641703,TELOS-COLLISION,-3232.866223054561,-491.5161575916742,-5985.664007479759,0.1076986489943596,LOW
7,16,960535249.567733,1.6657379317625705e-08,7.382447225416827,0.16499358826042362,227.43180821187127,1.3082135166396434e-10,936.2147603080214,HISTORICAL-SHELL,-6666.390573004559,-1493.541775508536,2537.5264595883555,0.10749433460795667,LOW
81,51,14602118.320461744,3.492643935677087e-06,7.639151887911545,0.13425436628635573,393.4910768390594,4.3703001370019074e-11,472.89008037783873,TELOS-COLLISION,-4515.604026030426,5080.636038363938,-418.8196342351337,0.10493478540456545,LOW
6,26,3376878800.3437457,7.699417579734683e-09,7.445076835359183,0.16327691067430544,593.553877439148,1.920705357348204e-11,871.7667846201012,HISTORICAL-SHELL,6056.938291240123,618.3199176922834,-3723.491191051694,0.10487353232028856,LOW
82,21,3619269.968718535,5.8022750945642815e-06,7.626557659871547,0.11273330057850478,146.31475733172098,3.160856486269821e-10,472.51099969587534,TELOS-COLLISION,-3821.923752888626,5517.787462554971,1336.2916220902837,0.10487305415620585,LOW
4,11,306004568.3565967,3.594717575321083e-08,7.20622604816204,0.15526529871281658,131.63287184770772,3.905281351949279e-10,1292.01883158651,HISTORICAL-SHELL,6960.335946767664,-1900.8378575322206,-2547.677655636265,0.10045735537543321,LOW
11,17,447525332.546251,3.798667642628494e-08,7.5005651319062565,0.1560119926122454,242.49246479685135,1.1507594360792978e-10,713.8647510675111,HISTORICAL-SHELL,-2102.5801674752624,6742.706611044719,-276.31146145061246,0.0989462699307987,LOW
78,30,6144056.215396122,4.882767824425876e-06,7.63090773846779,0.11176991221602572,248.62430242270986,1.0946968926076257e-10,465.63845841374166,TELOS-COLLISION,-2096.5457707436476,-1994.5965905272133,-6184.749114546495,0.09498413077764341,LOW
80,64,22638578.36574334,2.8270326416275632e-06,7.563202579087742,0.1263454338513389,336.42461084139785,5.978682946459247e-11,600.4864672365109,DELTA-K-REMNANT,-5806.461105160033,-3463.014956886521,1606.1339630990574,0.09222795372305627,LOW
94,34,6440130.963788625,5.279395743840332e-06,7.637979635858003,0.1035987496060732,259.68568621974333,1.0034252290351339e-10,466.64138594514384,TELOS-COLLISION,1250.1975432765994,2905.6606284754553,6044.265852996259,0.09023890350923151,LOW
105,49,51212903.21138323,9.567901237262534e-07,7.573987106534034,0.12316177342347982,163.06875277679967,2.5447172949536973e-10,539.0014774168994,DELTA-K-REMNANT,4571.868738111837,-2482.4501130485355,4536.994743173497,0.07594720523925973,LOW
12,10,196271288.49740356,5.0949887151386834e-08,7.158899729013127,0.1275779800252022,192.8703700327942,1.8190725197137406e-10,1393.1175111145913,HISTORICAL-SHELL,4601.146611184731,6236.253654452247,-174.01897943207354,0.07240176095767828,LOW
66,63,47001976.48772128,1.3403691654638826e-06,7.631083795682289,0.10682764071322573,479.0598251636198,2.9485027503647914e-11,470.11616240850003,TELOS-COLLISION,4841.57614778762,-4308.697017266843,2009.180014454353,0.061536041002529275,LOW
3,12,321936946.9499665,3.727437969977695e-08,7.128384409983373,0.1010844002024942,385.5428936979382,4.552349900875707e-11,1505.8007810323388,HISTORICAL-SHELL,7689.240054927223,-1442.0668971975526,-428.22083075198475,0.04584824551196811,LOW
17,10,84461882.04298134,1.1839660398416358e-07,7.108134065453204,0.08780780027832644,337.31994878661595,5.946986999335349e-11,1541.0204705805281,HISTORICAL-SHELL,-3785.3548341231426,6898.346266194623,497.5364562595517,0.03390834515557229,LOW
18,13,129079992.851168,1.0071274186534298e-07,7.45124255672441,0.07422297500921116,277.8842754210697,8.763005741557246e-11,805.0928918265574,HISTORICAL-SHELL,3418.4376052998045,5607.518592940554,-2821.723001079893,0.021006378818343382,LOW
14,21,669784805.3932849,3.135335383977425e-08,7.116597245355892,0.07025898142860351,378.5249973446947,4.722716872785036e-11,1509.6522619923107,HISTORICAL-SHELL,6858.056858734842,3743.2309639496843,476.8864536997662,0.01633729507346054,LOW
19,15,112735297.09804103,1.3305504474747732e-07,7.135476749482428,0.05387793653732949,329.62596235650636,6.227851077777448e-11,1500.4175177177974,HISTORICAL-SHELL,-5533.49643364456,5553.1875517239305,15.548050735140471,0.0016007287416965118,LOW
15,14,336425163.3115392,4.1614009672146926e-08,7.120551056013848,0.053701894715313274,292.97571020706357,7.883477076203308e-11,1492.3135407002685,HISTORICAL-SHELL,4808.370543808335,-5499.20475360115,-2815.6511897613595,0.0008424908240865709,LOW
